"light_intensity","temperature","time","angle"
15.33190486584279,19.652145289138858,4.4431902921268716,33.708610696262625
3.958780821245849,25.945867314334862,13.005622737080596,85.56428757689245
4.702713617231811,21.022842683830078,20.9507000610338,65.87945476302646
20.892594970865986,23.84350623445505,17.573397273829467,53.8792635777333
27.278099223836573,19.65244931084671,19.357467548674794,14.041677639819287
53.34820849917118,23.138829036541566,15.810800801057216,14.039506830258238
66.94843079276802,22.662347348132815,16.61463754842846,5.227525095137952
2.431530198819612,22.76216061174051,20.380695637567662,77.95585311974416
17.86985527889575,19.790980838558816,5.992032212620463,54.10035105688879
24.06557071664981,24.659810429010925,11.746199127435371,63.726532001644095
26.408496414032594,17.656093341454252,5.309026603670453,1.8526044866222202
0.5948247744281268,20.56325050794087,23.704032191919527,87.29188669457949
3.2629597006706765,20.12685832961617,22.65742415247872,74.91983767203796
13.734714580130149,17.546403448907647,0.9462434728441416,19.110519961044854
47.31145304334382,22.20532972433887,16.933804140376523,16.364247048639054
15.541346099372022,19.237940993047413,22.205959617975978,16.506405886809045
14.941705236000445,18.884710131480187,4.333808283056005,27.381801866358394
38.45104117748444,24.44294756892779,13.630685533263108,47.228078846901404
11.127361679993522,19.834230916670997,21.971719142113002,38.87505167779042
10.979867890634905,17.29267475538693,0.8147034860591722,26.210622617823773
23.88716997176317,23.947398240336266,16.738086413924158,55.06676052501415
42.52603914420554,19.720854916526374,7.136376176941218,12.554447458683764
13.401726244664466,20.56247040799305,22.18550868903673,26.293018368169633
11.360319214423033,18.259133071630522,23.305397883968826,32.97256589643225
8.033702935859251,20.174506551223043,22.662395738722413,41.046298579533236
21.693318976868166,25.176045493348663,11.38114119977913,70.66583652537122
13.230046124515306,20.201111687054034,20.689023623743523,17.970640394252378
8.757436097008672,22.21077066288295,20.26918556484169,46.28109945722505
26.637475077369608,21.695370798383443,7.658411357838135,53.31731119758382
25.36541356413835,20.4171948259989,19.893971379616257,4.180537144799795
6.266863660956275,18.922264693580534,0.8881832331718229,54.67903667112945
68.49621544677117,24.113451948910008,14.310477083569273,15.347171131856237
38.55536435887794,18.92972473918661,5.520212094904873,5.8546433686751564
0.9909157709239175,19.615539835096875,2.8936052586546914,85.39969835279999
0.6307512797300155,19.239682696601974,1.8468768391010197,86.90688297671034
11.008931149761521,24.599334849833465,16.710930621075356,72.7557613304815
43.62152122932753,20.637094137918048,8.156999130433586,27.41523922560336
47.46551235484927,22.152629729839173,17.394402516690274,8.790490260574549
5.006713340835294,19.690535302850382,1.5685521791746169,61.58097238609412
23.801763516696393,20.752432242974933,7.566968107934648,39.61372443656412
81.5806771068773,23.231597309934962,12.947791017008093,10.983441136030095
18.67180199079657,22.308164083987386,18.977355956135124,44.56592191001432
45.46019333178322,20.252923129730068,7.650060070369678,3.0949669003696556
6.170071409675149,24.49789990218849,15.021393034488218,81.83883618709038
14.259819396669098,19.498662550540924,21.26346595766849,23.290198344001524
32.58695591019886,25.03076296070161,14.78071651637531,59.62700559185838
27.727005739042454,19.766120621924173,5.59102739408721,28.053996848046985
7.939991834454462,18.517579167825563,0.5856187573569125,46.80612190600297
7.993404818425923,20.01498751963271,20.882372973622317,49.203925140895166
16.914068575083835,18.089645292671552,0.5104658604092913,16.636900997297435
0.5081822183202778,21.820048641297433,20.992840144420786,87.26261649881027
18.288941782967935,24.55704242851456,12.694491216653088,69.76195410250031
1.0306060637545074,20.6566848940189,22.53762476430951,84.55490474077702
2.9546638468733497,23.238370268681,19.17079765856797,80.5344615384884
7.336451854721984,18.91294026730591,23.9504186528001,53.810998092997664
6.604786735660856,21.9897657887351,8.417083570841044,82.96868115208052
37.91036651952363,21.925231699471194,18.412518934347045,7.964325184672755
63.86509069021311,22.478755609545882,9.646341926621812,17.638457617723066
82.81151986526882,22.84961440304895,11.517014887293811,4.0704560019484255
42.54465769640675,23.292343871913012,15.060131117240882,29.27972976869379
12.083538910523963,20.31294165433384,20.96825074047213,34.98095607205338
13.002285130135105,18.375451319792425,23.618003260783084,24.421412859650633
6.687053617676868,23.978089872576227,18.438561932748435,74.58637582367363
73.31254936640697,22.922352746549784,10.02640277201601,32.10779940242303
62.865058634465825,22.051620172536726,10.112568054649685,25.28410587186427
20.329682839699714,23.367026004473775,17.701975238133397,48.84264748424236
34.2323250963455,18.972088371805395,5.730651498439256,12.683180247728638
4.014786403865659,20.178017497234382,2.651378715153472,72.19772826786357
67.93606696603244,20.975994512204576,8.510931783378638,6.709557931179374
0.6107350460220369,22.498426978293132,6.893735799697962,88.81982429404655
14.53625192307552,21.667016883932295,7.111394890943762,69.50202923669917
29.94891622751421,19.542208242865787,5.6065860251978386,17.884411338075516
21.626508304754932,17.321599833643383,1.0102365512726852,0.4969905411242159
3.7203153423071864,19.26602700438433,0.42897443360193144,73.39152856093507
5.014309553445841,20.347506519801716,23.705337353664756,63.61716094628554
26.45079890056101,24.213479277693583,10.266555209660696,65.61064512368885
18.12033224461651,23.03712897170585,9.223839531832361,69.41433120173512
65.12997596847154,22.449623472224513,16.311534784633675,6.664018656068133
24.395511133855553,19.238626309273055,5.23809330876154,32.261915568984534
14.417776717839175,18.572351550110955,22.799068414805408,10.428215357261674
4.424972011406083,23.560854256642827,18.872280345973248,77.67930832880342
7.556610055658044,19.027735835653292,2.1458640554942283,56.096831414480214
54.17815672365863,23.357570033720048,10.02193861883828,29.780822236738427
16.099963229205883,19.875274642053537,21.098839381491953,5.720251525742127
11.086125524917602,19.095752573559714,22.673568534993848,27.9884089544096
62.927390432673576,23.68488439485386,11.217636269996873,29.266498982407235
26.273161036720637,24.619142283423596,14.721873341056984,65.66455605042577
7.216406951788493,19.517028169553086,4.008814706209805,57.38017242196918
2.0356339258149463,21.055404994951925,23.788047027287437,79.84914683186939
24.319800000380514,19.519023392912647,5.5601208332026415,42.49934326457544
15.707070094882159,18.031444387990618,22.625562579243017,10.763482134447154
21.54291657730757,24.55702860687485,15.591519575816843,64.19203085006956
16.894514190327108,24.70234185623035,14.585683077092618,68.47065437552077
41.29844074524057,24.000734348105752,12.304524264396207,50.51494778125466
8.86943176743905,20.32392288986392,5.5360754812262085,69.38704619591049
14.016632173101067,18.278394381743507,4.236672768132198,44.44160367279517
19.828159430566398,19.62269270684383,5.2916690176842085,47.045954644379464
20.2739183147584,19.341571354541557,4.474518291462108,38.47869165226947
38.053303435719435,20.616372676714462,18.71002736560208,2.2877214069685667
66.07535096973493,21.39924968066876,8.403006220001522,9.7102284293974
17.810824580175737,17.388079467536407,1.3882242375215128,2.8286267118060824
6.287797422934886,20.164625024080184,23.25846312337947,57.27693701374024
12.805751186169731,19.678990551949973,21.210861239122217,28.2920382968694
8.555389737408161,20.27579440172571,22.26605479668511,45.77136220482325
1.6949463534152343,19.627970407038116,23.877787743514446,81.68098265334837
20.906488641335795,18.66570784177166,4.173485981267695,22.436300623398743
42.29785580135915,22.472232087563544,9.50980845366381,36.93446307320668
11.752164508054252,23.906843424058295,18.197723416898192,67.99960246887439
53.01855372014599,22.3775208080998,16.704494833291015,20.59183489424602
17.716007353151994,17.073455670145098,3.6935017521565214,6.928191884591369
14.60803065197053,21.49707530459218,19.579994999774826,26.07763076223912
29.567893464112625,18.11334538364266,5.386573724079856,14.509915852860399
3.026754675714802,21.115466598871098,5.371622755742954,83.67278871083158
16.993912531710375,24.6144220508354,12.887386149441927,72.73083416079753
26.900048621513324,25.318835030097823,14.230558436200877,57.00633808593811
10.24293901958238,24.997495754607407,13.922068988107469,78.43145311689459
3.8639769836572384,19.69110210441133,2.195684097546117,72.33048692092031
15.531197848425506,20.05135751000451,21.059060703129127,16.791305299743225
5.1670717082208,21.090741508822926,6.3744010221289455,80.330309864098
7.953878623203959,19.034452092497578,3.1083581107873,48.540801772408564
3.3152034302606896,21.528975688832062,21.32995391685545,72.66961396476563
1.6786637149599815,20.33357732969076,22.93563595751408,80.64821699311439
14.479298664172626,19.909929707759083,20.691062814370817,28.62031274746775
24.508101087288054,19.796113894834285,19.428385793397073,9.904673207490909
61.56135715182966,23.55759851632555,15.725807535336521,20.51416462877475
58.7501607526384,23.43668225985426,13.220576894619343,38.43970097636307
3.639089898358287,19.50250677157462,2.0876822378738433,73.62132893302439
10.972995961461853,23.814452143854954,9.80287711369677,77.46575249307091
79.22486510492722,21.094718704491363,8.944524408295536,0.6256917478071633
23.301982597735844,20.043158160200555,6.234090810247829,45.967257231980916
27.504477145449624,22.99852041797675,17.36208272852604,37.56699028339011
72.52128651106425,23.59059679494027,11.9010176418905,19.98970294236572
13.766995881010901,17.52743487305677,1.9451091817835504,10.787883060031453
27.456576893350395,19.21327709134208,5.284396846795472,30.385365426326516
3.42846884563995,25.491239817364885,16.398210327830302,84.86187335212672
12.45463575420731,17.204894161867948,1.8271406277672044,29.08826388186797
9.070586799494512,21.5985648806253,20.42896593717045,46.691155956902946
25.953360171265036,24.966423707530783,11.883516648335384,63.27170630056601
60.78023745206601,22.978805636770595,11.534077855839552,32.726664214136456
2.2084957991952745,25.78843101727051,14.217786831828423,87.46038744488646
1.0153241087902651,23.030701199408995,19.79234318220358,86.62025654479001
45.14476279943439,20.960586236187783,8.347420989652633,22.660406624282775
32.967504169399746,24.14327283152377,16.272387661417525,44.75236553031469
73.26129585937221,24.5999909052153,13.577567135898985,27.07904788350927
31.659880423839265,20.181424847423145,6.408678484066112,25.635644493972084
16.030544892663805,18.612209635413468,21.08711967252379,3.3198252619079516
13.119931409524119,22.81083753807995,19.138224518566275,54.860790058190716
35.24366260083138,24.844508483803168,15.802844031802213,45.24111209059753
18.14926236467797,20.02335197745678,20.413961498261806,4.633087612499041
13.69011737570492,20.7461291549525,20.815060823035257,25.07818178129503
5.562131721886786,25.85185808129267,17.000711441160835,81.74392973699884
18.454993750141035,21.161180353667977,20.08831988072813,21.560570160027517
53.270565786748776,22.820382679715255,16.73931508006281,13.040538488210078
31.860757280457733,24.452834801870353,16.32337852224721,44.05074842498067
1.2040042641340338,25.955997803833526,14.846673077164423,88.70854086995406
40.60248991563751,22.193554026081046,18.06519934938339,21.784974436035036
6.640170758478814,19.170009541555213,3.806522527033769,60.49219926652907
3.826229583041434,22.18377029945611,21.140898220774282,68.54576537958458
15.410517684209116,19.584860847160687,20.924244665885567,21.38737895931597
4.8266704603912025,20.122401550560298,0.7019347928294195,65.53947137506736
11.685297626329541,21.49491304221226,19.819602013554302,33.10048194473279
7.24167906874921,18.319221269130143,3.0928768193626848,56.90752475342215
23.415582710954254,22.118069349323363,8.042852502219406,57.01767396848052
21.52327910968606,22.162006278014807,17.844198150998587,48.21972156672826
19.87413050689494,17.931678973954106,3.858237505159397,8.126079304896747
4.433586124144448,23.23772153679058,19.631208578857493,75.17722460303142
16.702758804577893,20.688765549537447,19.971220270985807,28.870205847456226
69.63239340376472,23.286902069737188,12.179225610260069,16.786665935986882
18.250415125260016,18.443249701414576,0.15326092120400592,3.6697627399287525
22.002184885620007,20.65941557302447,6.888915196197907,53.18036488694176
27.351395427079073,24.436658233786375,14.806246041017813,60.980792565805416
18.91173882621955,18.387553737163714,23.548468272658162,1.4929046035070537
32.977115442319274,25.379464716685625,15.163524648400042,46.088375246935286
41.40901796170296,19.344114348712708,6.235285945539835,20.384619767814417
25.01701985246733,25.290477546929132,15.216136874390672,58.06555113685049
79.70749656919213,24.083250822480856,12.959649113180532,15.692978610449229
11.776773969792503,22.690922704865038,18.716289483627445,62.184396429221934
13.29334991856186,17.950606450536636,2.567535331847002,34.806181167048365
2.584229242903136,24.74215019268151,18.26466966004867,84.30569898630611
73.36334597608571,24.150886417821052,12.990397888226646,12.376884973139394
11.83521321755781,19.122142940689592,23.11180809261587,30.695971594523265
59.58726415153454,20.061389387054138,8.204931984928466,10.212616911653017
6.171309846418938,26.624896460392623,15.182925435214756,83.22242564507064
1.8113762304063168,20.623140145898116,22.36867453224042,78.9605418042883
11.793262979413399,17.628006001623213,2.460233471776302,23.214746494364004
5.394147113328298,20.328899722993143,22.493483693674825,59.398564143076115
12.553028261304727,25.604373728214846,16.50925733521952,73.54999801810942
9.528144270792774,19.106799388508136,1.6280894185241257,49.96807304395161
27.505085519756946,21.190426643570795,7.22312560672359,47.66855205204058
42.17384841550552,23.08066956607621,16.996130127486758,21.76670618104065
16.451210405166925,17.31617993695901,1.6164144352505208,8.37924910253093
9.764097997959775,25.970636953020175,13.97209104423056,80.74941821579941
6.297125242154261,21.672785787187635,8.301193366870962,81.03762514469975
29.235136994552548,24.667748375001448,14.901972426419452,56.979131154594114
13.186616923375595,18.22104280843038,1.0978088115003084,30.51268119438306
12.36644223300064,19.758898702376186,20.91688334765703,31.42886171513948
5.036705311174661,20.057620083276806,23.363735260257528,65.33601109832155
2.0580100653330553,20.331987441361058,23.253068526856595,80.73992339573194
3.562729615543119,25.04467709447732,17.991643961830192,79.83777818386056
4.26067404393943,20.254648275854873,3.1220697631351673,70.18879912718614
14.16266947960798,23.056341483961166,18.19831670229654,57.7828481538859
13.132273612096782,17.379059601201504,0.5900859950112363,7.572596849554395
15.947838307740822,17.667058060625386,0.5309652366959341,14.54658426851524
7.609607697786523,22.286670427180024,7.76664525958899,80.86987696743714
34.836044904946974,24.401319631828912,11.727436569711978,54.57861536936309
43.00171706511604,20.80391349690212,18.489778027387036,0.8277346454966683
67.07960905206386,22.166578416441045,16.399089038556124,9.132438857942889
33.7165855174107,24.25119922481388,10.70166495304196,59.715159219725024
60.75929666896911,19.230718674655176,6.567039990759981,0.4555425461596818
16.35102990514355,17.509713566146054,23.930988003785068,14.472724627574879
38.790984344632356,23.746425706538307,10.228351253663352,49.38604104299275
22.266177521706982,23.786641438770598,10.83328858391221,62.27056779234239
7.365953938856503,19.456188609392605,3.9269717086000604,58.67651335523405
22.847078296725854,21.80206609005995,19.075429169998305,20.18423785145038
21.64679809638372,24.427073560983324,16.648373418755728,64.09612992127823
27.506985079111374,18.98986040312648,5.2984707069302495,21.352417874712007
12.30903343282327,17.71803797399064,1.9771450947802247,29.285972834334096
17.227400856564525,24.59930509656349,16.331983249793115,67.18422646062217
24.788136844763258,24.550922507598,15.708269142747245,58.46696091424932
9.236958213478013,21.068713998434745,6.558228647957024,76.43010694447601
5.736593710443228,19.86499264820678,22.82072549400985,59.185160307030905
8.287861013587758,18.19815142075944,3.6253894027416056,51.147774300192445
71.50877799565329,21.783541352571504,10.376035225022445,8.430729104528323
9.71185679802889,19.044336465844996,22.646782084022373,33.09442227534902
57.799032150751685,22.217199442419965,10.073455606226936,23.86821309135529
55.71753756513186,23.43263059332141,15.324622743938054,21.95906790411752
2.081912407822981,24.066797400294696,9.542265551107063,87.57094992772011
29.030243286718058,20.330112674276684,6.581164856368081,35.378795220008435
1.639528377376042,20.679228449469267,23.615463551035877,80.2841899659402
30.293880268460512,22.947284112791557,9.824016151561032,56.80247633975366
3.0758933120868375,20.665050116212416,21.458380888299224,71.53301731874836
21.222561856230705,19.17241024456312,5.518910541386068,45.23733837946729
14.799386968080487,19.43032946079634,5.114512896601999,51.92134961637232
7.655318318607979,18.461505128247556,0.7472179892282726,44.32659244369775
55.22723626272639,22.92843801209035,15.640003809021241,17.571868901824004
19.203495542306648,22.177277797218228,8.844632249370267,65.02069037353547
13.405215734260363,20.033147492595145,20.74459799615129,25.269512619677023
100.17715414395667,22.473717251981657,11.357037760597372,2.1884369788308455
5.051897492787796,19.985343262875336,23.23664226995332,58.0925066316451
22.722665239459605,17.85008725176043,4.4526123768749075,15.939961146634404
1.0526764149684165,21.955116524826963,20.84695603093466,84.64127259176229
1.857287854496114,23.445386044015816,18.6383244670018,85.85357193023286
3.407788356991942,23.875382305515192,18.502124271457248,82.33779511984037
11.40404961505083,20.470622475366117,20.274797474805304,33.31428302299
39.776213690455954,21.64952297791548,18.264575782631972,1.3910954875980686
5.003511256493116,24.783761307809073,15.02928771915397,83.54867063289528
11.52324120703716,18.23964914473708,3.1498770643773017,38.53657334855829
0.6016345387768351,20.20208678591748,0.780628307790046,86.99893371393026
0.7931711338042359,21.415048226658435,22.100348347576485,86.72579793803276
11.452898643118218,26.840052069869028,14.799607548497713,76.7708509920624
20.819093146092985,21.745673314086304,19.11689498342823,26.50040028626271
45.87839517214437,23.060095426495113,11.5565364363012,34.658795574173276
2.142697164841622,19.573773073952754,2.8153965350974675,76.60230043651713
10.131227100170886,17.165773754438984,3.0044590128612105,28.52298046406499
53.639620616824764,22.870262590240987,16.453566893495314,15.254347201748324
40.15434229902415,22.97074802902816,10.327341477587105,50.11211362125152
1.6438696090680993,21.043355369391765,4.812593440808081,84.25392967447029
30.05699947601743,24.328590300410706,11.798269121794485,62.64268170074757
7.323525531719072,18.67343290918461,1.541014489803218,51.30550530804285
77.22297879865197,22.973640721040265,13.96731364594557,8.745884439369169
22.860234319438717,21.534432644406586,6.455841706442344,55.350650402925275
0.3472826061728763,23.478204564922603,19.141418415292517,89.10484650938369
51.441001410661755,20.90503218192717,7.44868701416577,12.607561371287163
38.289821950079805,24.041487469731727,10.925283577963228,46.64966871273631
1.6795436804105492,20.172574798588048,0.27889295779441525,78.96357647351599
4.293310662436593,19.41368785000304,1.738725307069413,66.6691755978784
23.70510739758754,23.377586400453715,9.419845353760437,62.73141668957412
23.744850757678517,23.532508474363205,11.518532033210963,63.22356755883983
51.378525480900514,23.922556931552595,14.40049315486329,32.35420360977797
40.35670524732382,20.526822952778982,6.999901889023278,26.423265983804402
11.198657336612778,24.69524332984715,16.67956526703702,72.84250399306623
3.17110532873007,21.225164344997218,20.64293753254091,72.91020552112627
4.957573165515458,23.56426679577288,18.716423733440394,78.03650867220934
1.638355107102469,20.704227182204047,0.9508518083605715,82.19164973008242
38.50609707922139,24.552828062856275,11.532166734187895,46.020815897484404
10.379360296833863,18.50112502793452,2.518324282036197,45.136466521847964
8.528766676085464,21.242678840498208,5.809080380700659,71.84656610700976
6.3138453418440985,19.30323447595405,23.679902238411515,58.49675376999886
5.7867389216299125,18.458860638391425,3.4198930296363175,63.177018953193304
18.85467414226421,24.512679006858136,11.973315682832546,71.6213402492491
9.50745687958278,26.379939142510956,14.83573762363486,80.10048076358096
39.78605021521923,23.075067045739207,16.859159293058497,30.419564116638224
50.555669604774096,23.97189925225581,13.431568403685938,33.802465737594964
16.9633825281602,17.44681479331848,0.23450033806040782,8.45837458567821
24.221623123552323,22.55741434261595,7.835071397855805,52.045212689655656
87.54017847221601,23.66939515374959,12.425079441233073,3.2348046417067877
9.583719327900038,19.507400986932854,2.1087959794760005,41.90382163192142
31.986520381469457,21.873746863499374,8.415046349020338,48.838017123681894
12.658845037759349,18.155025943099975,0.7968746109927975,25.788712691545598
5.825021233662631,18.01551722717701,1.8858839317204978,53.174993451210966
73.63931422401467,21.996972238962385,9.526158628838306,2.7450224945144486
17.50648722701193,16.671409434847,3.1851780970334485,3.3613369874292975
15.528847788124525,25.561432548807996,13.620980358277397,74.03405045936924
34.972092376763875,22.889252069668274,16.54715925929438,32.41715772701366
30.80368008349188,20.699661631949635,19.21408077861799,11.435446138669631
13.443211576183675,18.92056008414873,4.803605861875442,47.001893404932396
5.783575960899198,19.415690747813834,4.019581974217674,69.29941977887498
14.78521517656018,17.404563626662696,2.509628168025606,19.423892474715885
26.061450008447416,24.429128561860722,15.27432598904728,56.060142823710024
62.58717845902768,22.818644031277792,16.95541743568563,7.68127184943912
14.80583376728294,16.7597930175651,0.7580674758154089,4.651354905174693
9.297131324447605,19.89736742270383,22.469093909848556,47.82191684113332
9.187832560711865,19.288941876621607,1.2473108076353379,48.657160944909585
29.694377426907216,24.551654450537413,12.991112047225691,57.36869113483859
17.85383203584772,23.930920382206025,17.017452466821993,65.34822003503955
0.4225863629439638,22.109469222102874,20.903258969906055,87.82668715162812
27.490903706944724,24.182026982722526,17.138086371178268,46.46703134710758
21.337938657612625,21.657760378897805,19.241473993675005,29.066082564712136
13.917383520844533,22.235223133428903,8.146804621027346,71.56675752918333
21.59927105839624,21.40252100337748,19.555802729916294,24.37490261358668
10.988854126453573,17.76638158144829,1.9227563132322034,39.507427863507246
13.36508817192589,19.445727054366277,21.475599745452662,7.061074320803936
98.20271765680849,23.205027708225394,13.14221702768967,2.281566907391176
0.8080115156904375,23.03579311463848,19.61514647909985,86.63835732101326
16.088881707629724,24.12829959159821,10.855638828439204,75.23821084609853
24.937249194007375,24.432212704596505,15.4458646847166,62.63767854843282
46.425228750486575,24.30437497141692,12.633663862466717,36.80576499728429
39.601425283740134,22.92421504106442,17.558148522127965,15.59648880637612
13.318670231759686,17.150829067215323,1.9591195687341498,14.079333840397744
13.173350695451765,18.01114281166889,1.4484500157735312,22.52186083481358
19.233985911707855,19.05713017300857,5.930477616243515,49.43039982355084
6.444217214755412,19.188902776009893,3.82907232271652,64.31363304300561
7.006939917563124,21.247322578474044,20.92280559821284,59.417763904595816
30.2331255684539,18.413506491091738,5.261135696593064,25.194050725134854
0.7616783558630309,20.05467525573967,23.42076613965915,85.93787525968747
17.50253489128151,21.9469461241667,8.085499002506564,66.41072250261917
9.558418246047369,19.368712231997563,4.370829976528783,49.891864726026064
11.98107682263589,22.55372939964769,18.9527641714195,55.0548671610917
44.610763399329265,22.809492452285735,15.808986612021027,37.764005618501095
79.85517407197517,22.263747545924645,11.956697194875336,22.295789055104173
48.51514192684351,23.718278088483,13.328725222503149,32.03754107861354
12.137177808716759,24.47400857679561,17.26084267853433,68.20614994179321
38.253951779618816,16.832515677728495,5.4829137919511695,1.2954139766780282
16.405976697571383,17.535514828650264,23.912013985361806,10.446537645622461
15.627233205578172,17.545901676997683,23.395035891522795,4.140237781957747
71.69483449730976,23.55448895872771,15.607816472326485,3.665592208707312
4.240881246695742,20.13867460897568,4.789018822299483,76.99145256099065
18.965518084763513,24.763457802585947,16.32547781835099,63.32920734420213
10.039372185143538,18.50048925154744,1.7327618155002202,42.67564461785927
16.250573013150994,16.391069097861227,0.7356600529393456,8.805074458590132
22.818427507226883,20.486066867915625,6.184389324269128,44.24542876051491
46.16794068632988,23.705831414127008,11.102950961743591,42.61245937025091
14.736249682739349,20.12042921917626,20.83854012980113,15.588168291901367
27.92166581773051,25.120686233700653,17.45205767439139,39.04664843141757
27.493267691508432,21.77090147045058,17.824956508799545,35.86542609576361
38.524435256101896,24.351606773143676,10.211840026753809,55.42650882469948
27.333886028932323,21.99884475587168,8.302439821127109,57.15842857808794
70.19144738062738,20.983677255556252,8.904930311630466,4.077360879484006
12.128705922246587,18.627107429151668,23.703589529665386,33.71513531638241
6.484731013076657,18.77542106675727,0.9626205938995795,56.32739241428128
10.109313538724777,20.594032286747375,20.808755906938764,45.28226327220789
12.641526262367142,25.73293918185379,13.888209805737443,77.08408570694901
29.23652124132565,23.060413724004768,10.52677006055017,59.282426845705054
45.66425686170342,22.748277135313394,17.406183849963277,14.664098437328672
68.92755854664351,22.467081138066558,11.680054594192868,6.351187266038686
5.630632342633498,20.614512199149296,20.962157713959854,57.81773503856841
15.198251430668803,18.622243431152917,21.616844736270203,2.3860179487459634
35.62769682528438,23.967637900782133,10.12130224496293,52.7198023146117
3.74549455370034,21.510154324264864,6.643867133641238,84.62072172824618
43.77773563461388,24.900835870094426,14.216407886240694,51.792676008829105
11.793699033239625,19.36981960991119,21.896720294800584,34.935293358586975
12.799512032703477,20.21877172648303,5.055892536135998,57.89593965981179
33.46367246667706,24.62497351855712,14.951198005523587,41.2427601442365
32.2295135829006,25.4244751463903,15.157445282220493,49.105511038434145
2.658062923213241,24.50332617576511,17.594712537966743,84.73183278988726
10.287879113797894,18.629356946126183,3.1576244430542353,34.74923740206968
2.078975632421861,24.951759672352388,17.179799152370126,86.50715074415228
1.6143223045556045,21.990286592743928,21.816780495975383,81.48155777604573
16.159728544086192,17.761105449632606,4.312394612885807,17.62120213103668
41.81240293858769,18.88204093848666,5.701039798173063,6.242517078764891
14.256727719977969,17.91690471736434,23.31348225699935,9.070020123968398
26.29573552527385,17.569679867305073,4.3434468650277545,1.6399643086394755
20.05642702952574,19.933544895149033,20.505242240869897,8.499866468033556
25.599931031330726,24.697408253681804,11.814668554752835,61.47060960747211
29.523012859284076,18.610480228140876,5.933545785676249,6.406978361420609
11.868886964833846,20.365476691706785,20.897997630540274,28.707806726438516
15.210986641874884,25.264449282768922,10.687326120063972,76.03877798725091
106.80149091444011,23.288814010902993,12.355616494312564,2.094474216224328
11.77626496455135,23.364034955078363,8.621600865594377,73.30216343300422
62.547966683703685,23.61231879557173,14.230820434438257,25.366929729605992
18.17564954787983,17.28268616918025,3.9245729420405464,10.634834485949064
23.935630709807164,23.632661511052767,9.385956879642258,62.70634488277356
8.641433786923477,20.061120477584833,23.2658957360469,56.60485621018956
4.82759661515554,22.003423607850852,6.195202384827061,78.97248121743476
19.036855090985526,24.589771174790457,15.761679948991013,66.15639394234972
13.536240331146512,22.142238422219645,7.804561541392677,72.31328373463637
30.885655572187037,21.128284885666634,18.563355016478415,25.383111531417583
14.967282346806831,17.468927641682754,3.140967857240396,15.969558940175054
4.642580991067346,20.481349910357572,23.27570508188507,67.55532764767725
16.28034695937098,24.24715803442919,10.890948993207342,72.61512653405376
0.4015257091379861,21.570089698458748,5.665211120315135,89.1454627800606
10.169711663498878,18.148329458258246,1.7639219359203038,37.135590922028385
15.616416690614992,18.709629005749196,4.074189722100978,33.481627721350485
19.22206151724668,24.519328661072443,12.474574765344425,69.87716646677971
46.97315210824184,21.13418412855531,8.088076234350872,30.672318622771606
1.628695459764835,21.380572973106855,19.893200781182628,83.76815930432082
13.671859104603097,24.207641542747226,10.341300567883343,77.25714766587106
25.34214746226403,18.950806170402803,5.969142542103118,38.609462463751655
15.674063221350115,25.788165457924933,14.81147967849672,67.57839610123476
15.972741389923593,24.794291846341153,16.9626532052507,67.90885866762142
18.223053263631346,17.948174669262205,4.009005789622797,9.281148195233936
2.0544047270537558,20.8791096697589,4.022861190919624,81.229761601161
8.316053271833258,18.169314431109534,0.8801142464050313,45.472713520307146
9.77021746919035,25.069288687668433,17.673648361575374,74.38117194969675
35.3670529912439,24.05087426889098,15.931308662923321,28.804464092755058
12.600747647125852,24.895344956566767,11.391141017995533,80.59709056465805
13.581534194748002,21.53129810823148,20.260090775260732,35.02815108607468
29.98381391173722,19.998183303305655,19.336083670801276,0.9753886332268524
7.8695594768316,25.30364697340768,14.048504745522052,81.48437787773373
16.87581340249192,19.31627699296788,20.838510732318205,8.21580091075202
23.52852431212418,18.5391764919046,4.940189040882438,28.73822738313734
0.9633261874665278,19.370168332972344,2.686070865545469,85.50557703457244
2.65198207635633,22.296466727180004,6.473990676407751,85.55464322438004
7.754541462940037,18.63158779098202,1.3700845461435565,51.60940993109575
32.09836412881325,24.912066566935252,12.748068672024768,56.865349095281935
9.761109690381968,19.247279154789325,22.478536615079076,40.36009697804878
12.44668796331458,17.083195139025367,0.9442449760442315,26.38896945282581
13.606318310194006,18.209623722294854,2.930637936240643,29.579809083292435
30.713937862505837,23.099430988306686,10.852776678802446,60.526661046933455
3.0010282315320813,20.4512005642413,22.413000420669718,67.7137076493912
14.125721547537793,21.367424711314023,7.587746519442012,71.24211393532637
19.3340653652948,26.02604775715523,12.173635408521418,71.06563285150985
16.324285337768416,17.831980346784924,0.9977486172094103,8.208549274382133
8.790844515339844,18.78294780765777,3.5602368230901327,44.49782742323233
19.082762691109764,18.341475182557893,23.679122951012324,5.180288401497986
8.962146727013401,19.01562358570471,23.162848714465092,49.4575994091362
9.189193767980885,18.95295563739466,0.11855954242583078,39.73774512360393
2.1127452488361103,20.73037716276629,22.843482850157734,79.89337644824698
42.774470935312635,24.00234041484852,15.338878507572009,31.582351129687083
13.456572939447572,20.34058517868699,20.83003906848053,10.536031478484528
70.31866469102083,22.86810861930782,10.913756535212618,12.869251384755227
23.4643400846796,25.16125977740114,12.374304685902006,68.5359568545725
37.9525984568075,23.513877145887434,11.732317926166084,55.6396256984635
64.0872398278875,22.419556840158137,16.004742181106504,9.101040851051122
17.814298082107587,17.376835329814025,3.3516301141515097,7.569612550349769
5.691262116771701,19.31662822593073,0.7193661569442709,63.0872218313208
52.54724207067207,19.17637513674857,7.390318598188582,6.548670572777418
10.76099501468408,25.84085979948647,16.91233830567952,73.96740533613206
10.106243876899594,20.67101712840709,4.844482850950761,63.56180044408466
65.53672712790312,23.07708786811995,16.162378399798015,7.321390257770979
18.64901850405338,18.020630053341193,23.27788910657449,7.635394267667273
0.25941406287453234,19.860424628503107,2.2536171789460413,88.7975620651058
42.93117434477003,23.18719551815569,16.142450837403032,33.68437161805083
61.41866389425601,23.068986884633617,10.650005263309708,33.357793236020186
3.359678206948354,21.91636073003551,20.835414105060128,73.15196105317523
1.1949808326944271,19.727152770121805,4.251594946737262,85.25237196454728
0.8367180717397292,25.44510756536066,16.623022853427948,88.74009574405838
4.827180509388836,22.092380839866323,20.114766951554646,67.80403667330475
10.385055506297432,18.244061763105172,22.670741267376556,33.86336269778242
57.105538123713316,22.248305415623566,16.397952678951498,7.515064502880189
18.289404441283544,24.69567903317835,11.932194336202254,69.94322243346932
33.358500790084655,25.548791973168672,14.828333764829132,50.256382476222456
8.183400537156215,20.8860012453829,20.853719627489237,38.17998083222786
8.210211192815182,25.041740754183916,13.694633919331913,81.57189465852623
16.000588177563202,17.74109048221448,0.7292894327240846,10.007773407553621
8.30360760481784,18.977428927964894,22.342768692167468,44.336259386177325
65.45699153295882,22.93201740041956,16.548642024757466,1.0218280290677162
38.162742816239,23.670781064404142,16.236321258653916,42.17945777947136
27.416503667265303,18.10084987576224,5.176203657545212,5.067294811365361
55.95340378082602,23.687630647293464,15.813251285583773,10.693612464126472
64.85454390194323,20.822671955062216,9.452745735699803,10.577362209939439
22.357660118584615,23.98017304549576,15.62959144899581,58.42892719044572
4.992490940480523,18.97831552830028,2.5582327273917773,67.1440391338881
28.382969460886354,24.946479035375162,15.788287310472864,52.503188858744366
0.6608822827833627,19.534311515447353,23.985929418496,86.59552936270877
8.74698293142162,16.781283255033713,1.1570889326533447,33.73835215713336
13.764925285200583,18.274546223196804,23.452180421311617,25.714087765367466
9.35004710544274,24.219645740582685,9.765791057348896,78.17392153705143
14.06833879374436,20.57204654177469,20.89808280809422,20.123625466750738
1.3612404435776737,23.602113466931833,18.777251617398562,86.69002854965501
97.87727523555316,22.814997419332016,13.608390263680027,1.0939027220834707
1.2423301567826965,25.1710300167111,17.722781022031835,87.28909440368751
11.444741030805822,18.354337588818378,21.08437347123235,3.88439207555185
9.117656477510925,23.77025400974336,9.699367719624792,80.2028802328264
37.37389116473244,21.559590844338423,7.848795877517729,47.49309981776699
0.5384288342009114,25.792801846918458,16.022241253526033,89.36683165073703
27.487672072858917,20.44486153067562,19.388302606590205,6.641690826185897
17.516254300064684,22.973971044731364,18.294843234638776,49.846885596118874
1.0598247464612336,22.32773005505091,19.147527572607228,87.2372282057189
36.73196386102993,23.03765907698272,10.453999555510393,47.078805975313394
10.300072406770607,22.406640190127785,19.62802118820052,56.64587743217363
5.784103515488093,18.676264700268582,2.8850173288946026,62.61738200861554
53.80932203771014,24.30420599476123,13.067738351060388,40.90869582909959
8.759580724901518,19.45547252669076,0.1382078519549177,56.48022720756571
28.338730031437464,21.41686478369962,7.790059917606487,52.58828807307902
7.000242260838402,23.408658324578738,8.795076836913548,81.10422094418901
76.86996045421314,20.808930370184168,9.50814459862213,4.090174230731209
34.730664190134576,23.025277837458614,16.69121296055669,25.28668706330073
3.633944725877205,24.176541583899883,9.325394430488299,85.53703356689029
9.184323409919593,24.73830256444694,10.768646942940736,80.12374055018248
21.26542827325251,19.375171525328263,5.701059140983859,41.009107750714165
29.53957363665079,22.71708682274488,8.958042999104162,55.811933802138306
25.340910205656456,19.33492555387932,5.454471054315635,24.964306468301942
16.434101281175277,16.545476404789305,1.7567021704426473,16.930904375138518
43.3471090563493,24.946703271695913,14.482766241153069,41.7328564445984
43.358375749852634,23.47531121096183,16.03710716532039,31.801700522344753
31.252386764062685,24.886628741882216,14.867768304230747,52.529050066578485
83.32943159913401,23.020805852580047,11.123857051213736,6.996117326848635
2.1736538956844833,23.100576574118175,9.114858724301516,87.69553268995499
0.2242924391393587,22.041761933098737,20.720007589723807,88.75896700316426
25.088621629249207,24.709047162461157,12.457962843269232,62.834554261777065
40.170015368605036,23.596646892488927,11.500365063113543,48.24867297097084
10.569929497443159,18.99099545616499,0.6154095793544565,27.857485465769496
11.747879518544714,22.162122236165082,8.189947863027752,73.24155177362537
23.242427829553257,22.647044813162257,9.12469485086057,61.62580552984913
74.60994803653699,21.789950442567708,9.571746741525612,14.635524541040217
7.738008525929401,25.13111512548553,13.924136861455974,81.98344660444582
16.134054689452583,25.12450496233016,12.806461121445082,74.0283518630852
4.398314867382414,25.97244342608357,14.589722227042671,85.48199219627317
11.019291758831011,23.26157110867699,18.35719827701108,65.3147557549524
11.15379950028281,22.176051296815466,19.511657729186243,55.207367634221086
31.027460078967206,22.97696979652555,17.234953829435867,37.6418732661557
1.246589955037474,19.957407217683336,22.93256870291843,83.94556350186119
2.2547451330717325,20.006479174332394,0.43758198423267913,77.94575005503675
20.856550326338162,18.731227232033746,4.698671656405106,4.069680309557047
17.263917205166614,17.42190667337029,0.18150899947541088,2.3730277047526807
52.009505629453415,24.001673614841813,15.539393139710473,33.881703019024464
3.7609768917934776,21.59181779887881,21.552733174799684,72.94979977036496
0.6080361937244115,20.722054239252135,5.8435751178311826,88.854851638345
17.392887523405626,19.636562036207007,22.24882907511136,13.537520199317537
7.377613909705811,18.91500744826129,1.4464173669494604,53.47176438169216
11.388284497811856,20.178472073613747,22.426464643332345,34.28017709679194
2.0124639579085297,22.8872146352657,8.438944493751226,87.29229580331429
2.7420555378029987,20.454740377279364,2.4340998827811964,75.79070308221378
15.515335687121793,25.35742942409119,11.660922220471814,75.44958342400241
28.260791443775695,20.294547595156924,6.162637625292191,42.18238438154732
31.560298577293132,20.46206253049683,6.836949647086148,37.33375521038987
42.002144379274704,20.207238837991117,7.374959158230878,24.60663647376356
28.577569158237864,21.337227587503666,19.272621547983924,5.07379469858344
12.792682500028835,25.549543156714787,12.939870640206108,77.82501386295479
9.724824186513574,21.041318725018495,7.4713847797440875,73.16109082170698
0.016742294923612552,25.397492142415448,14.64801079946204,89.97459059575175
0.17207608353206588,24.911596887963736,17.187616181356645,89.69731533665149
19.74194196497349,20.70450028626135,6.54297601760481,49.988853504236474
18.205466865698664,23.727491751363665,9.925178436608437,69.20886736624594
0.9778917860210454,20.53136911052482,2.9252662400867413,85.02891568941853
3.7314984217645026,19.122372095087833,4.347584388832328,76.46826516096704
55.83312831419816,23.265199701854762,16.34682849515959,22.26132915688779
14.923327333574305,17.994768864319113,4.354520344695047,40.54897217790842
80.48720607989429,23.56917786592333,12.603921208009444,11.624347363634548
2.773240861131816,24.92672044504708,17.017110281338383,85.86459245328501
6.191853842065248,19.061093442247948,2.565046154273852,54.5557171005792
74.02583507694399,23.23880001854233,13.615493271093685,20.577852495311646
15.252989678442257,21.263211392325776,6.15750680883273,60.45306159652711
7.385766897847431,20.19359299213859,23.110245005701916,55.631541641210625
50.74992252006371,23.795661452733583,11.605095521278194,32.23464462295564
21.63040963276139,20.788744726464902,19.343821194603795,10.220183297966612
31.44839316606067,25.239975887073285,13.205437011750282,60.44158760335196
8.995582885682584,18.30135643200728,1.04190078851566,46.827693081341394
15.395158942582176,25.598960562183176,15.195633014256536,69.50865525620753
7.802464803722109,20.35825947318728,22.83368021295977,46.814715100079404
13.493161428163852,26.07208672655727,14.438683683511949,76.69633502866861
10.129286934743806,21.557185501870812,19.660532626242965,49.6716154897037
9.345587150284091,20.920833023485212,21.220955120361786,50.484417438184764
4.309343491232847,20.14089464897003,5.473914526774379,78.89882423925106
21.956484713463833,19.42536508346082,5.0890761577974395,36.31345795911573
66.32837169732963,23.582195578359293,14.6635437324238,12.061370560557666
86.16887139181917,20.558478944443657,9.864683275360914,2.5904408682005076
4.813045667141592,21.561505017364674,20.15667126880129,67.9623530106257
6.710806252551511,20.49875110613405,21.60055496155227,55.82785962181182
21.470542627503914,22.33945561456629,8.482113103265235,63.36717912893012
28.87942771177944,18.3251706237705,5.684893415387569,19.166774535801967
34.04420301286568,21.580843634023964,18.732612365852685,12.273432802809278
48.30798482798402,19.090854447818526,6.595344853155266,1.3090199101093736
15.932881967767486,21.156524066796944,19.742743644328282,31.552880292593727
30.981104158249426,23.005776876357643,10.169718087570308,53.09259181691698
29.249806778940904,24.290797674696783,16.021197582995292,35.30196405897591
9.910535589468292,19.148940818176687,2.2928475320320363,39.37274298213561
9.363783369040917,25.37396327417999,14.972623792237751,81.37428250443736
62.31760765615428,22.77071199536633,10.842424289693499,31.34299203209703
40.49498907643523,24.78693712618256,14.07860311621138,46.25905402438297
4.795087931228814,19.58666138501834,4.032340985876722,70.52877114670288
29.46605463062685,22.828863782081054,17.68496987866037,35.68885040891431
7.215966576266816,21.683875044741633,20.707129861037487,55.987803020508615
4.264661457230258,19.62604592464885,5.2017552021786155,77.61273378720706
1.0211293025457322,20.51678620231496,2.2971493324838814,85.45685612918778
16.57301273365273,17.686118235157423,0.5673260651120735,13.236613283613414
5.806757910688448,25.37269327118346,15.407316010638384,83.3928862645345
42.71194822215151,24.398361298151485,14.570256866130737,44.29046637715844
65.47390653074382,23.676816837121297,13.12073790513768,23.241994946906253
23.197727940134016,18.727378436027426,5.56673030678341,41.322218061443515
1.6989401626190774,24.74927249802743,9.381743901732353,88.20293177569293
40.11568228690389,24.491167256362573,14.267432044468153,44.33562845935826
56.55622716143765,23.774826502614932,11.922404612620065,29.58764492587574
6.673465483949952,19.900554504198706,23.706852485157295,57.00607688850532
16.031438359421497,17.375322758476795,3.274554061361595,21.613105690037376
47.97733338780632,22.753954344922526,16.683469297142253,6.8276995297797525
59.86451339726383,21.54693907274161,9.703650434503011,11.59917497195843
75.91500118640639,22.49168775956909,10.276790758214755,11.52412550619952
46.14008996983459,21.38640912374298,17.222346375796228,13.671242416106491
53.47594523987464,22.68921709620371,16.61846763178487,12.494445538446913
6.639474102452062,19.10942662636791,23.79014384885252,57.678727032289316
14.360946061367898,17.881211442382284,3.0814629468990056,16.369207595923033
13.727721682684367,18.297549267320548,2.498631585219992,31.110055499147688
4.431348054360772,24.23418270877831,17.38413161108979,80.71095689154106
40.43071992816194,24.064349225614905,13.881286008153818,42.65654762365851
17.024605366751835,20.857481466967865,6.579855997435341,60.080196466892446
12.17817286465842,17.069545615969986,1.9060648557356785,15.508788408146685
14.254718594342636,17.998178983684397,2.055797990314333,17.30601169278037
20.451501265376734,18.818615532831156,21.46058099193884,3.6781754639830977
24.095524178430715,16.72425533558123,4.60481579324983,15.204155676494809
48.10713510911538,20.460707609261103,7.760917490772498,25.073130512876276
27.19438350092448,18.14816457633704,5.4397536534477124,15.930943584907213
61.61225695971435,19.857547421566036,8.519911339966495,7.983228038135005
15.168685843889653,16.754644070392573,1.6661722259062408,10.857228399054073
46.64906807133007,24.195714022972744,12.457434981798489,41.47008912294532
16.320387998913596,18.297944872050568,1.6227015262131577,18.570034656521326
20.92775331863997,21.866562167492322,19.208556187736676,32.78428749432679
17.585576259287695,19.449425117738606,5.6090899658503925,45.30755437693712
28.177695197733147,25.188684671128623,12.960285950508254,62.135534576642875
18.24965265375623,19.019868841900063,21.121898101474997,3.5380925856989043
16.102395685429236,24.78479915840265,15.621056857132661,71.94693590181384
38.94958833831323,24.157493944927342,12.790986877232047,56.5110350541817
53.16689902065878,19.19981498908229,7.784010074769014,7.358312875398472
7.755279261092965,22.419526898545797,7.99204591339675,78.62207616960995
4.5475478122785935,25.412733052378947,16.067686924756565,82.87851604786319
16.461143915518047,17.593829826280665,23.859344669308022,5.497016386937737
52.231079353364144,23.26502155542782,15.884140556385088,24.918988333248336
18.724469539898696,24.907156598369873,13.386802016880598,72.55811518137551
12.594985845086077,24.352917474548818,17.535612245741905,67.34337213452925
69.94240054939512,22.1059098842583,11.164934694809237,16.60689174207396
14.471687298460274,18.04785416044035,1.4434162224188452,18.841439100303926
49.45629156578081,23.58414005311448,13.495123581069835,33.34248925122438
11.4328046317356,18.965489288758768,22.983006828129124,43.60706866719192
7.7281088889731695,18.608474639470373,4.207270616583831,55.642929437726636
39.64991489450723,23.20706295264576,16.560117379695978,33.202227561279514
20.63514124478712,19.65764064008677,4.822408527817355,41.62812445198331
22.457851623955484,25.367574592237276,12.859864427353951,67.2723844320381
16.973566758922438,17.609797523183374,2.320234791521271,3.301488260153811
63.05064396948866,23.030964524853644,10.808902470196443,22.71932499096187
12.151328003339327,22.986503011948273,18.147919893485906,64.20146272960972
8.56217985939713,22.788251627228508,8.34171658173557,80.56861539184794
25.0187709551697,23.75939063444885,15.957881387693233,46.05096979040995
17.700412686258925,22.968988696932982,19.0907990589535,47.89021367387841
13.528206195163225,18.054930439964807,22.252267667506864,9.645481020579844
21.804876419325744,20.04574748763154,5.631409964530885,40.26711301411092
36.1822591851895,23.252747549120166,9.583581979423396,47.935553980952086
15.419307528901173,18.92042340119091,3.6579843199300184,21.82234532712567
10.817941467063779,18.078522066568276,23.819604051801004,24.231890785444286
11.784489541215562,19.822593992477113,22.248023230183087,33.95557467941604
106.33701504346942,24.090309799745526,12.95897112673343,1.8064077999953732
11.737417993672281,20.493507913692543,20.20879906503411,28.987124902486045
72.15191961855304,22.639360752863286,12.502991454529013,19.03032062968902
48.03701962834063,22.947049909337434,14.966056512066233,29.47476169601232
16.594045720183104,17.717628161962722,2.138986370784399,10.77859186373261
4.773302318016654,23.143164714997294,18.12649009192339,80.14745526659054
6.793925594463334,18.710498932363198,3.065123607245636,53.42332081986438
8.22116905231162,22.392871261411518,19.82562312606068,61.119208723004064
9.112802984144489,23.410520159269225,18.76867410408926,71.02541147466044
27.75384543523227,23.823879360988016,17.009872745831434,44.85979790361515
17.74982756335328,17.502720134223654,0.8678491325942908,7.8228259278681325
23.68125192632909,21.684813760213874,7.275080542687887,48.3395887636693
17.983800005767147,20.003263269022458,6.314701677860229,52.815700621879124
19.74956737800942,22.400662122394746,8.64327377931646,67.0895526765897
11.917094522077647,17.90974858201804,2.103425922332125,38.84935916067114
16.324042729818736,18.979671017110263,22.486987752745506,11.482227251600738
60.45730722902348,24.250032178046467,13.29125377709703,25.5398315218852
38.4557219218355,20.79333502096453,7.332583455792565,32.67740667587716
24.664752080268197,23.697514102949803,9.527556409782802,58.13255171984411
40.10084429529771,23.091211561302117,10.732860972116056,51.37004742020207
57.48627200945326,24.88427609533625,14.414264000654814,32.048705330806165
1.1498698029664023,26.45417978398938,12.376306264715947,88.78637239136818
6.7254483503552995,20.64086910528268,22.065407357146015,54.51973374211985
70.67120503098056,24.17156643154481,11.927123589739926,21.350411256239504
15.383376849904229,16.955991827855797,23.811792355759504,9.160422535836336
15.325507101901236,19.85606820530192,20.434198985882297,13.757322526589883
31.062168188394622,18.25126400894021,5.004252344576059,22.13619555460573
14.693068737488547,19.121442163840868,22.33428515145399,14.46132359336001
14.058822174555438,17.099016357037655,2.792793549251426,16.79103216461752
17.57846374034988,21.53293560051328,19.618793003788596,25.65856518244624
69.74028166019633,22.083724930915686,9.134959043437922,15.603623576527934
1.8208051555851514,22.207425061324916,21.071383690681667,80.70888821637827
15.361249763840007,19.733237028147318,20.833360562578807,7.221037109547799
16.092154770440875,21.593675136439312,19.34220960282291,47.20602506132292
23.07241959761148,21.61397186816716,18.960730471369473,36.935714429069535
0.9893431299366662,23.034739666854325,7.312299338352979,88.41407552177458
12.668470032260332,17.726136300775764,1.9420627932300523,10.083501195124711
54.83272073993968,22.44536851363021,9.671524290363875,35.80700391411675
0.682602479005208,20.168405530728425,4.164588359676208,87.2523389947832
8.815949088356573,23.875600500125177,16.67882613365908,77.89564133045822
10.080577215290912,22.156172872959143,8.306393436906852,73.5364863854352
14.68253703586934,19.390758840918863,23.414644820637957,23.211254434044584
52.718559674909955,22.677841573246845,15.383329856287968,15.379882865105923
9.030941869634844,22.305080959314644,19.739533527224662,60.17788979319879
1.273248238299582,20.434006941285663,3.1805921458043622,83.64383902148272
7.132625228762585,20.505121844395315,20.68834757454294,50.10866037125368
7.362233206776219,20.20889286535116,22.146172572321465,51.44514205229099
69.62835728131775,23.77658707914517,11.689486051654463,25.198118429425577
18.7365404282009,25.28367467453548,14.55007050602346,69.25436398727432
35.3385731733202,23.247434022409507,18.35543522167189,16.833937370177104
20.23324155429446,17.619070984075247,4.196127054249901,29.131131276381932
42.72038174234779,24.427595760515178,12.061585835122617,38.28927947547751
47.156132794023975,22.633574850969,9.567912666535515,45.68493408160095
13.794742901793127,18.345466657282003,3.5129758118939787,21.816875917357223
59.990745759471835,21.2048891449866,8.820826134996754,10.335314226528318
5.972844309791482,18.47888330390156,1.6361354252518456,54.95580381974693
12.535581106159306,18.174200549541098,0.6194857667876876,25.97674979162302
8.30961569458405,17.972460030850446,3.2439909397157463,52.31143992803511
15.005750541413915,18.58062387305078,23.114762678140174,13.892644374678207
53.228319629369246,24.5250857537773,13.188708861480407,43.30260916693357
7.056800508562768,19.698346832639054,23.17973186767728,47.93304892964273
81.445861298301,22.435120929644928,10.379949079923168,4.664118314018422
35.4309824474526,20.78926752532318,7.48358719404623,30.29438503745285
81.02005154604517,23.13130196084152,12.147404708165858,12.097320924507681
89.29910737541239,21.605811855298235,10.548280527189842,5.7037473425490965
0.17226711572549053,19.643253090378845,2.535952422281854,89.09642091509507
35.39675545982068,24.36680769889669,15.37983155256495,29.01184604772507
6.892871277295259,21.131611120891847,5.184916380230391,72.88870012691714
60.86800518303587,23.567367235262104,14.87011091754791,22.917658928738746
23.76369197685724,24.806601989790277,15.604826217555681,61.335245000153634
5.185286763741434,19.10348555515766,3.6485964750875546,68.42050739007179
6.41231743949982,19.4018680633426,1.4723910506560358,53.60748665470599
20.663601695234217,22.72046862300786,18.738278065642554,42.441856969514255
58.997097921621354,24.346915735213845,11.035210170463685,37.06568227325417
9.404181568867548,17.644879839917177,1.395931092131419,31.398143988869577
1.3135276789696435,20.051234159421924,23.876791612074413,83.65762298230433
2.8780541031057494,19.6461640021035,1.3867334639127993,74.75574670089563
2.0874818561895534,25.509284915530255,16.680845492605275,86.85242195998613
16.3715725011868,17.834183610733138,23.608294206321926,11.186750113699025
10.677146483282739,20.083096794744378,5.740322501182215,65.77807276832799
1.0265440742544392,20.458938814825437,3.4139848484927082,84.45064111389341
14.79373054931752,17.989601889095308,2.9132385461382935,16.310975954909413
49.06618305796202,19.178130496723107,7.278603541622293,5.9846640630099746
4.0976329040782655,19.91964263723671,2.4250994642555206,66.70085843610532
27.91466409608574,24.634077288590586,16.611872200659164,51.70258018619207
2.4836697027634127,19.618814791347678,1.4950031551215046,75.76458990824449
83.07945445506856,23.141390394350665,12.226131075594953,12.579513896366056
3.874603504314375,20.096443321647925,23.920724492471443,71.57405806739011
17.678031217411842,20.538115853125444,19.535286468144452,18.14645880429701
60.87577744127922,23.445976724378916,14.765266517544262,14.729034857913405
57.3425740029627,18.90862437449036,7.35008689887868,14.783921813789364
12.7277837530032,25.7850464822677,14.973500070999323,73.3117248208244
28.37166262972556,24.029145798737694,12.64899513387964,59.86774986265801
42.737784162883955,23.971912053990017,10.226001213368916,47.07588822922074
12.545623512934885,18.043371726202786,3.1370490417647874,32.29474357111523
2.1486125870225767,21.540279969718554,21.278501165771203,78.94804867317974
49.78976701521813,22.867841723068448,10.79483157171174,35.32005966803718
6.298588983785543,20.00980450083274,4.670940283698362,73.49394955244193
50.41966046408876,22.670537139202622,8.82622442105495,39.52214177131966
57.757803207931595,21.34532707812928,9.939114060694248,33.92499864824168
12.9819659247618,22.13573933819427,19.860909493604982,41.64118071026458
31.555420200645653,22.832212511887544,17.60674513347365,27.12400867477279
9.062145102254917,22.813931612170986,18.463317447392157,67.2848442158626
9.470704199210843,18.274782955397033,0.26475034628753313,45.24483510832312
67.41079950111954,23.026457931489393,9.987695956314276,20.89914256321356
10.410009096620447,24.63079315380631,11.552259639247767,80.96171159471116
11.891454039422436,17.81534455573371,0.4606146437533605,34.55020992358903
18.16402520214076,20.862257495997106,6.235517009880821,48.919757500258974
4.396985990756533,24.217702793003504,18.24695575493124,81.58248998680922
6.013649550510138,18.57337945694544,3.2906329374959773,56.18141963225929
75.15584979645524,23.323470303933565,12.8474431548622,10.520823663752767
2.1792153659954354,20.278794747769293,5.1648449284137,84.58489112521276
8.187196915101977,19.72886408120177,0.29089859145343855,56.493724776427605
38.04602073740444,19.894137922776093,5.7888349823889955,30.14150531913775
16.537549654374263,18.342051780533907,23.420970117841293,12.534486539704853
6.190989987481045,23.158271794207955,19.23689068519175,71.46226703432664
7.244836909222474,20.60298522785944,23.029839463704803,55.806548033566216
46.06262703857971,24.07637883720225,11.708497054232698,48.01149827786894
1.8418830781886497,19.131927375027434,2.633668768260084,80.45033247458619
22.30721361256684,25.516733588580642,13.151027735368631,70.97374901020777
76.70346611756956,23.565990540014955,10.905056029439061,13.650739175947606
14.422848453832486,20.22015978499615,20.264569985750782,28.05498610159934
14.528094098299333,17.57760903943763,2.35398193882187,22.364022583301917
24.0914148406843,24.920326381373304,11.717787288522675,66.95516633154092
19.61054760571391,17.333381737612534,3.601167952655622,3.0179191262201446
26.17913254702638,21.055409462863818,7.792222245361439,51.29007163841849
10.821887411520782,24.549743229509996,17.696569857307193,68.62128171666215
9.680168418641305,26.133784836841944,11.424435104850396,78.90890730855745
53.13145764691577,21.91692918357403,9.021318843498463,30.787357384431672
15.627516477761935,23.136113892048858,9.467430685680847,73.91315742048116
82.7565226937086,21.693523844350157,11.02672244174368,9.956856325968651
6.406656208003266,23.565169663632552,18.840397052089365,76.18070625610663
15.695438898276024,19.851948347889618,21.410032534565627,11.473979609878418
11.654946960228008,19.34846745488474,22.92803247609428,35.755856150433054
6.173351881466571,23.253506993987163,18.885681270127083,71.75658292015983
51.23317182828956,19.817925097819188,7.5697654979523055,13.49256846138964
51.52495922093934,22.514430305534496,16.515232946077013,20.632625570937734
26.3178554287222,24.4119594259485,10.502474977329406,65.00273115537597
12.544444648426095,21.193874480104043,6.112094929105228,64.80328828914669
7.3620595908713735,21.00853853572132,20.18091790622214,57.70328695967676
4.579832757043774,19.99539510146375,0.9222323750957999,62.455360002039
7.904438566663259,20.66473303349571,21.642287811250164,48.84519990128366
72.92139179002042,23.618005212411024,11.07545915099362,22.661915301625747
51.71438659154281,23.195821944973282,15.29283544339873,31.11263941535275
59.841159038084825,22.526112037988447,15.824494132938785,16.34379451212831
1.6570034022382327,21.515290138857942,21.482825776956872,81.76055052002656
31.021343990644777,24.83467801489143,15.280072372012976,52.50526152895084
43.834242452731125,25.04545533990489,14.734406034241482,36.07662750872759
10.43582680304062,18.755520012371377,1.599648973456559,41.58052232797194
4.949831278949045,25.474332077823142,12.441792526684898,85.25550056506339
16.598154443116048,17.207530473777414,3.6040560196089997,13.801626280447218
18.91413831971461,24.073937210036085,17.698410449315652,52.76068488151175
33.78025735359047,23.740808448120948,12.293326099504188,45.52998109960194
27.942718084544946,25.109591709244395,16.32546670100048,55.030881189118304
16.733685447905295,17.01433033698616,1.0001496144572224,1.6299165438756458
2.0811128546781568,20.411788762875187,2.0350083850992773,78.49115180497364
3.981029428249624,25.148016267993945,17.191761313504372,83.89064542352511
7.486656117965397,18.634392082021318,1.7300240639681608,50.861986523028804
6.103346827902837,18.83888670192914,1.7101614663662064,62.6985741489203
1.4906478246276464,19.892473743028777,0.2906034056372988,83.02494430595661
5.669949959562101,20.239111109390496,22.956033559187524,63.65147708820587
34.88405556688239,22.195284225996335,17.700200627016166,13.72851386228352
34.705984058535975,21.806426957571023,8.47803380404954,51.86595241501318
23.46090891148041,21.04987143902814,7.116853950903725,54.60435417445703
39.420287910121615,21.619702033578253,8.39287751390039,38.17176041721474
10.190001732731389,22.226163967550562,18.591684748348364,66.27998120622506
3.623525991844997,25.67872795944269,15.872894665689945,84.09303132921134
2.114836506956315,19.880592222498347,4.4446936288192305,83.30116616160987
11.840870000598656,18.250735908985675,4.178624048018024,40.57554342637189
13.562722082850891,16.509466842117195,2.3614955931215356,10.191424125667973
0.8695349897868676,24.713539649816173,15.847265272832114,88.63570790661011
7.411245187518725,23.098554907228774,18.344943893321663,75.50082778013407
40.094491208445504,18.77143096212889,6.361114279800097,11.219641308294015
1.6676601090764165,20.96671208421625,0.5026790647419075,82.87576943556351
2.202446043770613,19.34682916015001,1.9721200194342563,78.29067258559155
7.017883627617335,19.400965828996423,23.228640836280732,46.69542514134649
20.64885294497671,21.266611263372088,7.090674659458086,53.21478921704363
27.052413190205893,22.438572697074473,18.461355548115208,35.910243348311724
71.41763422286199,23.02497551061823,14.991925652502331,4.92854749398282
48.80581825369867,21.30997586482469,9.1665513516695,30.16775174813108
6.547692869854676,20.97773002462719,4.936494292693323,72.25681037382103
18.91554051989776,18.002836001128518,2.9132740358257543,0.4168820704142573
59.00540654703165,23.09993336640426,14.7603112329328,30.014925452202977
26.59415628161356,21.764037355323538,18.591210735306912,35.8351824231849
32.34244850069083,24.2576315508975,15.453702084987135,48.36560426441306
6.094673618366952,25.112294877468013,12.7272511979798,82.78700547714844
11.225245783895994,18.392859667832408,1.0068293623592703,31.17113949293651
12.094793068733466,18.424453688883677,23.24373066226521,31.225788170660493
7.369302437286958,23.942453518913084,19.16914059970979,66.37511232987735
27.884388557409633,21.19652739640754,7.027728880823154,40.69961468008265
14.49025611765125,18.390849910817636,23.519287904612415,20.214434064598375
44.16193659174085,24.850461626079888,14.44515815127173,40.7195564519424
72.51657758928904,23.975472162546186,13.978143796973916,12.677131834181987
34.3499279665381,21.778530315019868,17.95375630630877,15.874828785560098
13.671551946806117,21.492215519166912,19.4824749141633,44.853099546553175
36.4704844973159,23.9845574427781,15.755486575956063,37.70329045540931
1.6843818679140798,20.293228482620012,3.0742979127888006,82.33613109612901
48.840162149503705,21.249703962049534,8.118420143867962,32.61545092049698
6.0007843009993564,19.27091148914309,22.27400736782519,52.25295152502391
12.482307866726012,19.601794133594954,5.390774684252446,56.90378591275773
62.73732488237886,20.72705302235657,8.932008572100319,1.1785010929500273
26.8345931885599,23.69691994122743,10.369845190660705,59.71836348150396
70.66688792499775,23.37501967275557,10.545719752666852,16.02323701827763
2.584565794832521,25.138460462967487,14.710549979868613,86.49632857225096
13.754443663043709,18.790253158845726,22.63382010587298,13.379645497780166
22.035612015243142,20.339145679381996,5.776625083980119,37.316171135432135
16.842860237846807,18.47762942176447,2.9160330312220335,7.681470127077947
0.09580472530411127,20.52736823892814,4.739291756638496,89.71868266613527
8.241920703472424,20.761104283105233,21.28619760502247,45.19755092981183
29.86937719813504,24.842836251291864,15.499459503724944,53.58465155880394
48.252331863833426,19.41817281786879,6.861762941739843,6.036882964958473
6.518908188596049,22.52753317649434,19.582726535246813,67.496442335926
16.86606959781421,20.32195489652049,20.672879912722465,18.891503378602717
2.2668389113605034,21.17986765486264,20.316344128566673,80.82488604966424
12.241515252909657,19.4197156082086,22.054236807349305,18.462567643380645
40.33668161861288,19.171882451739336,6.053784484160678,17.16189485972999
45.76692397545727,21.415367272749126,18.121006289910678,3.2894701063285394
40.81812603864709,24.590152719261816,11.052947934579361,42.48602505989993
9.690830912202587,21.19380153314163,20.207965269361477,50.83570199363548
55.86021095650572,21.831964696373152,17.483776251878716,5.913777548551713
7.378902842759586,24.371947689202095,18.634738715993393,69.79748550255096
34.37887648345875,23.63518866801112,15.747884104345715,40.795995127322485
13.332467889678934,18.80732769643376,4.258290467272965,47.195124239482205
50.81905264538778,24.16229936123912,13.08064605352652,39.668647224440534
11.447194814592947,19.180884476635864,23.632073748588198,36.06867547877934
8.226437545440312,19.95821230579553,22.497313595930855,50.36762981773961
15.865763953405443,16.91440818607426,1.03616965912828,13.971622133764125
15.378531734095196,17.664346877277744,3.955555577506491,16.3735317445744
2.7773675546011503,19.419308961522788,3.161490562909486,77.56070589121656
3.1518660534557235,24.673306782704596,17.42351783964709,85.15039159202695
16.12804994182653,21.625456803159057,19.626847916566682,33.597838465177766
25.23605808537459,18.970143167883027,5.124272791456126,24.36702058291984
26.580303282034148,23.695460380390568,12.140464630843896,57.95995889151142
12.951168005495143,21.619307172806614,20.1768726722688,36.78607539882868
51.67602512084201,21.973898957141717,17.587237074390014,2.2847720094310375
74.1012842850084,24.061266113884678,13.013692931804359,14.053733762957133
26.500864651989012,25.36710274313605,14.16834457101055,64.43750059626578
29.537001623725363,25.200685718848547,12.20065312599072,59.303154771913626
60.22163267285793,19.645700551823587,7.141162831651694,2.438639325313514
59.534252911504915,24.319195280090717,13.560527828616387,19.97749457396545
47.43988603765654,23.318423593061354,16.533247249202176,20.796731692926425
5.7915168208181305,21.220841143250066,20.959749980659385,60.47034692388556
74.84395181053529,24.030796764341172,15.270992495501954,1.773948397892774
35.960533752754195,22.071781109868088,18.26691688903579,9.369772378611646
4.121632163120948,20.02863558085728,3.841719238909752,71.99244768358705
79.54500383251016,22.06133736606712,11.077379386074957,16.069019584890025
5.9472338960021,18.632574724779502,0.2239588758502391,58.74714970666872
27.574557985757846,19.30702172955549,5.9202927485189525,21.436450294205386
55.53568705889163,22.237554172525325,17.435081162712116,8.949725348341065
15.713946289230206,17.904973616709864,23.80343883238472,21.88549718995087
4.28138706027782,19.252146847141343,2.3802743900931818,65.00402386700932
12.685705366957524,24.607290645230485,9.635863580670918,77.01268212956572
4.981091813303335,23.460787345575508,19.20170324877983,74.71978781102925
19.968907571039498,18.443223794621932,4.896855231093572,35.74651766566093
29.93423852528257,24.90137095756485,13.32203878325487,60.127662291358156
38.54314722591335,21.97981897787313,17.593711104712195,18.448586587423886
50.70096463921342,23.622678863315652,14.783650806244296,26.383295723491194
2.6718897600038467,20.108173794974665,4.512593630769987,80.67022366690078
64.420627797935,20.214510381480206,8.529229648457747,1.1701731159662432
29.478224015050383,20.547786404390802,18.81100282764953,7.695767776902127
68.72437554954149,23.509801518374996,13.301436339168399,18.70976296314246
16.12888173196136,17.153339935965583,0.12551072502990568,2.387898348643774
36.89258242519231,20.396733996675636,18.263778240674252,16.329189158081757
8.74549157331093,19.911140147496145,0.8474725185657377,52.473740487272295
25.010717543851737,23.377753832465825,17.89761078554957,37.92820955332481
3.499743869731639,20.291986652719007,4.859533443965698,80.34045399692774
3.46845735668654,20.343886184650753,22.993763522865123,73.56992055645968
52.214140041630166,21.08683084096631,8.830578031250027,30.76356165280884
49.22683967288342,21.50549475268324,7.846358792113898,23.348109008816323
12.285655065217343,19.338627055156206,3.5733132079786722,34.17231673505402
26.073820795136278,21.329190466555556,7.334501171765157,53.1265448263327
11.363074210611064,20.509485542054637,21.039618283876813,24.125727674058865
7.418666170816101,19.397247977568263,23.912024103053938,56.17340170642206
48.95585209720102,21.213864086790792,8.839428732164361,36.84704869721164
35.94323393363966,23.438083224110205,10.766655142909022,49.68424627667822
29.92989357138946,23.30489000870924,17.329702516865687,39.2513876221785
13.663840332097372,19.677910065691847,21.268698731161788,26.501918358772592
4.155038930736167,25.7304505828457,14.23306402048282,85.3607976265941
21.152003239150574,23.317740327204692,9.396616756267903,68.72452147437848
90.53623384952793,21.813394471189024,9.90292418036697,12.61018581898073
7.212147160722938,24.91538325962273,16.694835515923366,78.16211783081215
7.810477676703742,18.304116638565304,0.07723832650268836,43.86880784245623
8.489822365491138,25.247643209863124,14.870144099036176,80.50970042046822
15.715108154754137,22.173625431471926,8.531832250592577,71.98697303525837
18.29293587752626,22.494832710163802,19.06073595065002,38.26921540223101
20.43676625305264,16.020105606866377,2.231775355755172,2.022237748810566
51.8364400028486,24.381423515775584,14.116854406761373,24.180962344645145
44.2704621272811,24.718709848440717,11.543349357266969,48.747079319478026
25.014546139795918,24.545611014814117,15.415812621725458,57.01303978435325
15.909964697383382,16.49229466607094,1.5564862675912403,23.209891688988204
88.75764604169979,23.236748576098673,13.91961089827515,12.542046666554171
13.089956183261213,25.444474416419688,13.475630111028568,75.14372131193691
1.270793044148164,25.41751653621031,13.455842265988103,88.5961962633197
41.99363731632207,24.295439446038085,14.483703998314915,47.312116407241724
51.571595536569305,23.780970214159137,16.235230493432695,15.451135726347315
21.546661090666305,21.68084385447252,19.319735992338472,24.507659386743207
49.79940837617994,18.427228656800644,6.475697283077144,1.655160889272006
1.6557330645590076,22.10017461250552,19.801185844321488,82.28689259044491
79.27793843474808,22.77122528566164,11.958136374322887,10.597597460112702
7.0385267433506264,18.625152506149515,1.849398699223948,51.88648279628282
12.351046150668083,18.106561374016003,1.4052223018555008,24.66496986184854
35.034457530908554,21.41193413154147,8.02171964870546,49.87602022642141
10.560558350408964,23.108986214781527,18.83752745067522,58.62783495166778
10.549098404321185,25.586800519880416,16.98434243378198,74.67676233364814
26.2904475899445,21.85888849716871,18.926759152137755,18.577914458454288
85.98994261209553,22.75417836850736,12.414457354598625,0.989624579263243
81.55450591765106,22.185463190393502,10.564775950931773,12.319706706192655
1.8676620272787219,19.761903906186557,3.5388606409508148,81.00167776632946
8.881771469226587,23.11510989096279,7.876626086623477,78.65010698062638
38.43087745596803,23.252383660325787,10.416464788173005,53.76717919532775
6.9259922860367915,18.825804619256704,2.1264103123108136,54.046517439028804
11.468716341940567,20.069193597311028,5.29468686506907,59.853300709162994
59.24781790746949,23.262098595961096,14.35740705752973,15.783415076110463
3.812935696148567,23.784642910687964,17.655914741740556,82.29707513324638
13.890331761674494,18.835436714336165,23.96034027343079,37.68934724028658
12.639096247571231,19.358914470356165,22.394719952245385,34.48246754245477
29.896653212532332,24.60150036947146,15.421564788844597,46.70259347545538
68.78151653243212,21.448253445018278,10.109953279057727,4.226937009754954
65.44488142300644,23.94540965063069,15.268256752997585,14.965503188047148
9.72741917557093,22.66110819046325,18.855638833925568,66.42302547837333
17.51649794716263,18.176677610573766,2.8400685821612957,7.451880113261382
31.997701934044244,22.323937156514337,9.837717352710918,54.28368985197494
15.578403272247211,20.831529055020553,20.155254855254814,22.081419871318886
49.7095178796439,22.341605243104556,9.211990846393057,35.036605263777886
61.38920749164804,23.46052744997476,13.724934509452478,25.98243630936299
40.451485492212306,24.278049889163775,14.106464660692758,32.01054448184542
7.390027452129007,20.382571508486382,4.4274300752073446,64.71413146658209
47.199593392256595,20.32475824779483,8.693650599654921,26.740954406085752
29.96469460413758,21.97279005826432,8.028270929806371,50.976417626720746
12.559343267907353,17.37276990825154,0.6287210047695551,42.84453619791897
6.3011083840714655,18.712935602502878,0.5806023333925259,59.73040488263833
1.3963170498127813,23.6559151904685,19.960729048218564,84.31467653922822
15.183240675313058,20.797852170050106,6.553699439347498,65.93148874892253
74.20486791084322,22.809235804598522,12.43389038973157,19.34463407316811
59.38475390655422,19.347368290543894,7.169413766130553,2.8064821555156207
14.174638207309512,19.94728496753194,22.57630188276817,23.60376398698426
23.692041057651497,19.52362683032631,6.22312221277857,53.55701376302294
71.05795466641999,21.335447256685345,10.311763505734442,4.628323213582531
9.542481750958597,21.502760953783262,20.945526011630445,44.67296224811127
7.387979848529285,22.557348018826087,20.206405603003407,53.71585640252003
19.37796568441638,18.554999574735387,4.466434028310656,30.081950173526472
6.250376359467746,22.268125134371047,19.263439435097048,69.38209833712398
75.36188924157553,23.487084020862664,10.996485281709424,9.593842782039463
80.27816720699454,23.44564111890399,11.591252930048526,6.762400356222789
5.42307830073995,19.671725572705313,3.2035193379826508,65.5369880583243
10.007892793564338,18.080714694864078,1.9344363301709917,44.59421845855786
13.75029785858097,23.88527669541343,17.470543367370365,61.95621567849624
51.16968693541406,23.78838585621084,11.915067656527194,39.13446047433716
60.04956016744227,22.721191042401397,10.48441686276431,22.176182991519614
7.901148375818505,25.003979917081477,17.508197487657522,73.71920859067798
7.951412115722571,24.07800164427061,18.372309575786634,71.94742910720814
6.081853876343621,18.87731838153642,3.8137960240644855,62.52268237689841
73.58918426044234,24.46196102713963,14.645403587463392,24.493062350696643
7.730675314177492,19.086088703512367,3.2484979746644527,53.12076001821784
24.14408854096298,22.903951710715557,18.033002064697097,32.48765072460241
59.45806887847657,23.69272963516037,15.766923750411348,8.242386599397074
1.6572647072429272,20.09786161582053,22.95875090600299,82.55822179160185
19.142674427325222,17.404772093120776,1.6549923925541083,12.313676782706526
0.7378821783995392,19.625785612461133,1.3693133076301036,85.52136184387221
23.683877314401013,19.606511873557448,6.7724897926368035,40.140519566216014
